{
  "ammo": "helldiver2:rifle_ap",
  "ammo_amount": 20,
  "extended_mag_ammo_amount": [
    23,
    27,
    30
  ],
  "bolt": "closed_bolt",
  "rpm": 640,
  "bullet": {
    "life": 1,
    "damage": 8,
    "extra_damage": {
      "armor_ignore": 0.5,
      "head_shot_multiplier": 1.5,
      "damage_adjust": [
        {"distance": 10, "damage": 8},
        {"distance": 20, "damage": 7.5},
        {"distance": 30, "damage": 7},
        {"distance": 40, "damage": 6.5},
        {"distance": "infinite", "damage": 6}
      ]
    },
    "tracer_count_interval": 0,
    "speed": 240,
    "gravity": 0,
    "knockback": 0,
    "friction": 0.01,
    "ignite": false,
    "pierce": 2
  },
  "reload": {
    "type": "magazine",
    "feed": {
      "empty": 2.54,
      "tactical": 1.75
    },
    "cooldown": {
      "empty": 3.25,
      "tactical": 2.29
    }
  },
  "draw_time": 0.75,
  "put_away_time": 0.54,
  "aim_time": 0.15,
  "sprint_time": 0.3,
  "weight": 3.5,
  "movement_speed": {
    "base": 0.0,
    "aim": -0.1,
    "reload": 0
  },
  "fire_mode": [
    "auto",
    "semi"
  ],
  "recoil": {
    "pitch": [
      {"time": 0, "value": [0.53, 0.53]},
      {"time": 0.3, "value": [0.53, 0.53]},
      {"time": 0.55, "value": [-0.08, -0.08]},
      {"time": 0.7, "value": [0, 0]}
    ],
    "yaw": [
      {"time": 0, "value": [-0.2, 0.2]},
      {"time": 0.35, "value": [0, 0]}
    ]
  },
  "inaccuracy": {
    "stand": 2,
    "move": 4,
    "sneak": 1,
    "lie": 0.5,
    "aim": 0.2
  },
  "allow_attachment_types": [
    "extended_mag",
    "scope",
    "grip",
    "muzzle"
  ]
}