{
  "ammo": "helldiver2:rifle_normal",
  "ammo_amount": 30,
  "extended_mag_ammo_amount": [
    35,
    40,
    45
  ],
  "bolt": "closed_bolt",
  "rpm": 640,
  "bullet": {
    "life": 1,
    "damage": 8.5,
    "extra_damage": {
      "armor_ignore": 0.15,
      "head_shot_multiplier": 1.5,
      "damage_adjust": [
        {"distance": 30, "damage": 8.5},
        {"distance": 60, "damage": 7.5},
        {"distance": "infinite", "damage": 6}
      ]
    },
    "tracer_count_interval": 0,
    "speed": 240,
    "gravity": 0,
    "knockback": 0,
    "friction": 0.01,
    "ignite": false,
    "pierce": 1
  },
  "reload": {
    "type": "magazine",
    "feed": {
      "empty": 2.54,
      "tactical": 1.75
    },
    "cooldown": {
      "empty": 3.25,
      "tactical": 2.29
    }
  },
  "draw_time": 0.75,
  "put_away_time": 0.54,
  "aim_time": 0.15,
  "sprint_time": 0.3,
  "weight": 3,
  "movement_speed": {
    "base": 0.0,
    "aim": -0.1,
    "reload": 0
  },
  "fire_mode": [
    "auto",
    "semi"
  ],
  "recoil": {
    "pitch": [
      {"time": 0, "value": [0.4, 0.4]},
      {"time": 0.3, "value": [0.4, 0.4]},
      {"time": 0.5, "value": [-0.08, -0.08]},
      {"time": 0.65, "value": [0, 0]}
    ],
    "yaw": [
      {"time": 0, "value": [-0.2, 0.2]},
      {"time": 0.35, "value": [0, 0]}
    ]
  },
  "inaccuracy": {
    "stand": 2,
    "move": 4,
    "sneak": 1,
    "lie": 0.5,
    "aim": 0.2
  },
  "allow_attachment_types": [
    "scope",
    "extended_mag",
    "grip",
    "muzzle"
  ]
}