{
  "ammo": "helldiver2:explode_ap",
  "ammo_amount": 15,
  "extended_mag_ammo_amount": [
    18,
    21,
    25
  ],
  "bolt": "closed_bolt",
  "rpm": 250,
  "bullet": {
    "life": 1,
    "damage": 26,
    "extra_damage": {
      "armor_ignore": 0.4,
      "head_shot_multiplier": 2,
      "damage_adjust": [
        {"distance": 10, "damage": 26},
        {"distance": 20, "damage": 25},
        {"distance": 30, "damage": 23},
        {"distance": 40, "damage": 20},
        {"distance": "infinite", "damage": 16}
      ]
    },
    "tracer_count_interval": 0,
    "speed": 240,
    "gravity": 0,
    "knockback": 0,
    "friction": 0.01,
    "ignite": false,
    "pierce": 1
  },
  "reload": {
    "type": "magazine",
    "feed": {
      "empty": 3.17,
      "tactical": 1.83
    },
    "cooldown": {
      "empty": 4.21,
      "tactical": 2.58
    }
  },
  "draw_time": 1,
  "put_away_time": 0.75,
  "aim_time": 0.25,
  "sprint_time": 0.3,
  "weight": 4.5,
  "movement_speed": {
    "base": 0.0,
    "aim": -0.1,
    "reload": 0
  },
  "fire_mode": [
    "semi",
    "burst"
  ],
  "burst_data": {
    "continuous_shoot": false,
    "count": 3,
    "bpm": 360,
    "min_interval": 0.6
  },
  "recoil": {
    "pitch": [
      {"time": 0, "value": [1, 1]},
      {"time": 0.4, "value": [1, 1]},
      {"time": 0.9, "value": [-0.08, -0.08]},
      {"time": 1.1, "value": [0, 0]}
    ],
    "yaw": [
      {"time": 0, "value": [-0.25, 0.25]},
      {"time": 0.35, "value": [0, 0]}
    ]
  },
  "inaccuracy": {
    "stand": 4,
    "move": 6,
    "sneak": 3,
    "lie": 2,
    "aim": 0.2
  },
  "allow_attachment_types": [
    "extended_mag",
    "scope",
    "grip",
    "muzzle"
  ]
}