{
  "ammo": "helldiver2:shotgun_normal",
  "ammo_amount": 13,
  "extended_mag_ammo_amount": [
    15,
    18,
    20
  ],
  "bolt": "closed_bolt",
  "rpm": 300,
  "bullet": {
    "life": 1,
    "damage": 36,
    "extra_damage": {
      "armor_ignore": 0.2,
      "head_shot_multiplier": 1.3,
      "damage_adjust": [
        {"distance": 10, "damage": 36},
        {"distance": 20, "damage": 30},
        {"distance": 30, "damage": 24},
        {"distance": infinite, "damage": 12}
      ]
    },
    "tracer_count_interval": 0,
    "speed": 240,
    "gravity": 0,
    "knockback": 0,
    "friction": 0.01,
    "ignite": false,
    "bullet_amount": 6,
    "pierce": 1
  },
  "reload": {
    "type": "magazine",
    "feed": {
      "empty": 2.63,
      "tactical": 1.67
    },
    "cooldown": {
      "empty": 3.17,
      "tactical": 2.5
    }
  },
  "draw_time": 0.75,
  "put_away_time": 0.54,
  "aim_time": 0.15,
  "sprint_time": 0.3,
  "weight": 4.2,
  "movement_speed": {
    "base": 0.0,
    "aim": -0.1,
    "reload": 0
  },
  "fire_mode": [
    "auto",
    "semi"
  ],
  "recoil": {
    "pitch": [
      {"time": 0, "value": [1.2, 1.2]},
      {"time": 0.3, "value": [1.2, 1.2]},
      {"time": 0.85, "value": [-0.08, -0.08]},
      {"time": 1, "value": [0, 0]}
    ],
    "yaw": [
      {"time": 0, "value": [-0.25, 0.25]},
      {"time": 0.35, "value": [0, 0]}
    ]
  },
  "inaccuracy": {
    "stand": 4,
    "move": 4,
    "sneak": 4,
    "lie": 4,
    "aim": 4
  },
  "allow_attachment_types": [
    "extended_mag",
    "scope",
    "grip",
    "muzzle"
  ]
}