{
  "ammo": "helldiver2:shotgun_normal",
  "ammo_amount": 25,
  "bolt": "closed_bolt",
  "rpm": 300,
  "bullet": {
    "life": 1,
    "damage": 26,
    "extra_damage": {
      "armor_ignore": 0.2,
      "head_shot_multiplier": 1.25,
      "damage_adjust": [
        {"distance": 2, "damage": 30},
        {"distance": 10, "damage": 26},
        {"distance": 20, "damage": 22},
        {"distance": 30, "damage": 16},
        {"distance": infinite, "damage": 10}
      ]
    },
    "tracer_count_interval": 0,
    "speed": 240,
    "gravity": 0,
    "knockback": 0,
    "friction": 0.01,
    "ignite": true,
    "ignite_entity_time": 10,
    "bullet_amount": 6,
    "pierce": 1
  },
  "reload": {
    "type": "magazine",
    "feed": {
      "empty": 2.63,
      "tactical": 1.67
    },
    "cooldown": {
      "empty": 3.17,
      "tactical": 2.5
    }
  },
  "draw_time": 0.75,
  "put_away_time": 0.54,
  "aim_time": 0.15,
  "sprint_time": 0.3,
  "weight": 4.5,
  "movement_speed": {
    "base": 0.0,
    "aim": -0.1,
    "reload": 0
  },
  "fire_mode": [
    "burst",
    "semi"
  ],
  "burst_data": {
    "continuous_shoot": true,
    "count": 3,
    "bpm": 360,
    "min_interval": 0.6
  },
  "recoil": {
    "pitch": [
      {"time": 0, "value": [0.6, 0.6]},
      {"time": 0.25, "value": [0.6, 0.6]},
      {"time": 0.5, "value": [-0.08, -0.08]},
      {"time": 0.75, "value": [0, 0]}
    ],
    "yaw": [
      {"time": 0, "value": [-0.13, 0.13]},
      {"time": 0.25, "value": [0, 0]}
    ]
  },
  "inaccuracy": {
    "stand": 4,
    "move": 4,
    "sneak": 4,
    "lie": 4,
    "aim": 4
  },
  "allow_attachment_types": [
    "scope",
    "grip",
    "muzzle"
  ]
}