{
  "materials": [
    {
      "item": {
        "tag": "forge:nether_stars"
      },
      "count": 2
    },
    {
      "item": {
        "item": "minecraft:end_crystal"
      },
      "count": 2
    },
    {
      "item": {
        "tag": "forge:ingots/netherite"
      },
      "count": 8
    },
    {
      "item": {
        "item": "minecraft:crying_obsidian"
      },
      "count": 8
    },
    {
      "item": {
        "item": "minecraft:dragon_breath"
      },
      "count": 8
    },
    {
      "item": {
        "tag": "forge:rods/blaze"
      },
      "count": 8
    },
    {
      "item": {
        "tag": "forge:gems/lapis"
      },
      "count": 8
    },
    {
      "item": {
        "tag": "forge:gems/quartz"
      },
      "count": 8
    }
  ],
  "result": {
    "type": "attachment",
    "id": "arip:coercion"
  }
}